<!--
   Copyright (c) 2009, 2013, Oracle and/or its affiliates. All rights reserved.

   This program is free software; you can redistribute it and/or modify
   it under the terms of the GNU General Public License as published by
   the Free Software Foundation; version 2 of the License.

   This program is distributed in the hope that it will be useful,
   but WITHOUT ANY WARRANTY; without even the implied warranty of
   MERCHANTABILITY or FITNESS FOR A PARTICULAR PURPOSE.  See the
   GNU General Public License for more details.

   You should have received a copy of the GNU General Public License
   along with this program; if not, write to the Free Software
   Foundation, Inc., 51 Franklin St, Fifth Floor, Boston, MA 02110-1301  USA
-->
<Include>
  <Property Id="ARPCOMMENTS" Value="MySQL Connector/C++ is a MySQL database connector for C++." />
  <Property Id="ARPCONTACT" Value="http://www.mysql.com/about/contact/" />
  <Property Id="ARPPRODUCTICON" Value="MySQLConnector.ico" />
  <Property Id="ARPHELPLINK" Value="http://forums.mysql.com/list.php?167" />
  <Property Id="ARPURLINFOABOUT" Value="http://dev.mysql.com/downloads/connector/cpp/" />
  <Property Id="ARPURLUPDATEINFO" Value="http://dev.mysql.com/downloads/connector/cpp/" />
  <!--Property Id="ARPHELPTELEPHONE" Value="URL where one can find support phone numbers" /-->
  <Property Id="ARPAUTHORIZEDCDFPREFIX" Value="http://dev.mysql.com/doc/en/connector-cpp.html" />
  <Property Id="ARPSIZE" Value="3" />

  <!--
  <Property Id="ARPNOMODIFY" Value="0" />
  <Property Id="ARPNOREPAIR" Value="0" />
  <Property Id="ARPNOREMOVE" Value="0" />
  <Property Id="ARPSYSTEMCOMPONENT" Value="0" />
  -->

  <Icon Id="MySQLConnector.ico" SourceFile="Bitmaps\MySQLConnector.ico" />

  <!-- Set up ARPINSTALLLOCATION property -->
  <CustomAction Id="SetARPINSTALLLOCATION" Property="ARPINSTALLLOCATION" Value="[INSTALLDIR]" />
  <CustomAction Id="SetARPREADME" Property="ARPREADME" Value="[INSTALLDIR]README.txt" />

  <!-- Sequences -->
  <InstallExecuteSequence>
    <Custom Action="SetARPINSTALLLOCATION" After="InstallValidate"></Custom>
    <Custom Action="SetARPREADME" After="InstallValidate"></Custom>
  </InstallExecuteSequence>
</Include>
